TT,Mã SV,Họ và tên,Ngày sinh,Tên lớp
1,25110128,Đoàn Kiến An,2/6/2007,251101B
2,25110129,Nguyễn Hà An,19/11/2007,251101B
3,25110139,Trần Tuấn Anh,11/12/2007,251101B
4,25110140,Trương Tuấn Anh,20/01/2007,251101B
5,25110143,Dương Thái Bảo,18/12/2007,251101B
6,25110151,Nguyễn Thị Minh Châu,15/11/2007,251101A
7,25110153,Nguyễn Hữu Chiến,16/06/2007,251101A
8,25110157,Nguyễn Khánh Cường,21/09/2004,251101B
9,25110158,Nguyễn Quốc Cường,8/12/2007,251101B
10,24110178,Bùi Nguyễn Nhật Duy,22/08/2006,241101A
11,22110294,Bùi Phương Duy,8/12/2004,22110AI
12,25110164,Hoàng Đức Duy,1/10/2007,251101A
13,25110170,Võ Đức Duy,18/09/2007,251101A
14,25110190,Trần Anh Hào,4/9/2007,251101A
15,25110193,Phạm Minh Hạnh,7/9/2007,251101A
16,25110195,Tô Ngọc Hân,19/03/2007,251101B
17,25110196,Nguyễn Ngọc Hiển,22/07/2007,251101B
18,25110198,Nguyễn Trung Hiếu,21/02/2006,251101A
19,25110201,Trương Xuân Hiếu,21/10/2007,251101B
20,25110203,Đoàn Bá Hoanh,19/10/2007,251101B
21,25110204,Nguyễn Huy Hoàng,3/10/2007,251101A
22,25110207,Dương Viết Huân,16/11/2007,251101B
23,25110212,Lê Thanh Huy,15/02/2007,251101A
24,25110214,Nguyễn Hoàng Huy,12/4/2007,251101A
25,25110215,Nguyễn Trà Huy,13/09/2007,251101A
26,25110221,Trần Quốc Huy,28/06/2007,251101A
27,25110224,Lê Văn Hưng,6/12/2007,251101A
28,25110225,Nguyễn Nhật Gia Hưng,28/05/2007,251101A
29,25110227,Đặng Đoàn Minh Khang,14/12/2007,251101B
30,25110229,Nguyễn Thanh Khang,15/01/2007,251101A
31,22110351,Hồng Anh Khoa,12/3/2004,22110AI
32,25110099,Lê Trần Đăng Khôi,20/04/2007,25110CTNB
33,25110101,Huỳnh Vĩ Kiện,8/1/2007,25110CTNB
34,25110248,Long Thế Kiệt,15/06/2007,251101B
35,25110102,Nguyễn Trương Hoàng Kiệt,27/12/2007,25110CTNB
36,25110103,Huỳnh Phan Chính Lâm,19/10/2007,25110CTNA
37,25110254,Lương Hoàng Nhất Lâm,21/01/2007,251101B
38,25110256,Phan Lê,5/7/2007,251101B
39,25110261,Nguyễn Minh Phước Lộc,4/9/2007,251101A
40,25110264,Hồ Minh Luân,16/11/2007,251101A
41,25110268,Nguyễn Hoàng Minh,19/12/2007,251101A
42,25110269,Nguyễn Ngọc Hoàng Minh,6/12/2007,251101A
43,25110270,Nguyễn Văn Minh,21/12/2006,251101B
44,25162089,Nguyễn Thị Ngọc Nhung,23/06/2007,251622C
45,25110289,Bùi Tấn Phát,27/04/2007,251101A
46,25110290,Lê Tấn,5/8/2007,251101A
47,25110292,Nguyễn Minh Phát,6/12/2007,251101A
48,25110309,Trà Thanh Phương,17/01/2007,251101B
49,25110310,Nguyễn Phước,21/08/2007,251101A
50,25110311,Nguyễn Minh Phước,6/2/2007,251101A
51,25110312,Nguyễn Minh Phước,10/8/2007,251101A
52,18110352,Đặng Văn Sang,1/3/2000,18110IS
53,25110321,Trần Đặng Phước Sang,8/1/2007,251101B
54,25110332,Nguyễn Tú Thanh,17/11/2007,251101B
55,25110335,Ngô Đức Thành,2/1/2007,251101B
56,25110337,Nguyễn Phú Thành,19/06/2007,251101A
57,23162094,Trần Bách Thăng,10/2/2005,23162C
58,25110348,Nguyễn Gia Thịnh,7/10/2007,251101B
59,25110353,Lê Phước Thuấn,22/09/2007,251101A
60,25110358,Lương Phạm Minh Thư,3/4/2007,251101B
61,25110361,Nguyễn Phan Thành Tiến,24/10/2007,251101A
62,25110363,Bùi Trung Tín,7/12/2007,251101B
63,25110376,Trần Thành Trọng,28/02/2007,251101B
64,25110377,Trần Văn Trọng,21/12/2007,251101B
65,25110410,Triệu Khải Trường,9/1/2006,251101A
66,25110386,Cao Thị Kim Tuyền,16/11/2007,251101B
67,25110387,Vi Nhật Anh Tùng,1/11/2007,251101A
68,25110123,Bùi Thị Thúy Uyên,5/10/2007,25110CTNB
69,25110396,Nguyễn Quốc Việt,10/9/2007,251101B
70,25110398,Trương Quốc Việt,21/05/2007,251101B
71,25110400,Nguyễn Nhật Minh Vũ,25/02/2007,251101A
72,25110126,Dương Lâm Thảo Vy,29/09/2007,25110CTNB
73,25110404,Đoàn Ngọc Khánh Vy,10/6/2007,251101A
74,25110408,Xu Ying,13/03/2007,251101B
