ADD,SOEN330679,25117
ADD,IVNC320905,25124
GETHP,SPPR330885
GETSV,25162
ADD,MOPR331279,25047
ADD,INSO321005,25182
ADD,LLCT120314,25137
GETHP,MATH132401
ADD,IPPA233277,25030
ADD,PHYS111202,25067
GETHP,INLO220405
GETHP,LLCT120205
GETHP,SPPR330885
ADD,LLCT130105,25052
GETSV,25050
ADD,NEES330380,25061
ADD,IPPA233277,25108
ADD,LLCT120314,25151
ADD,ARIN330585,25158
ADD,LLCT130105,25200
GETSV,25120
GETSV,25030
GETSV,25124
ADD,OPSY330280,25169
ADD,MATH132901,25112
ADD,MOPR331279,25195
GETHP,LLCT220514
ADD,CAAL230180,25136
ADD,SOEN330679,25067
GETHP,CAAL230180
GETHP,INIT130185
GETHP,LLCT130105
ADD,MATH132901,25172
GETSV,25196
ADD,DIPR430685,25168
ADD,PRTE230385,25187
GETHP,INLO220405
ADD,LLCT120205,25002
ADD,LLCT120314,25157
ADD,MATH132901,25180
ADD,SOEN330679,25087
GETHP,DIGR240485
GETSV,25186
ADD,EEEN234162,25045
ADD,ESYS431080,25070
ADD,MATH132501,25009
ADD,MALE431984,25122
ADD,MOPR331279,25013
ADD,FOIT331380,25119
GETHP,LLCT130105
GETSV,25124
ADD,PHYS111202,25047
GETHP,OOPR230279
ADD,ESYS431080,25156
ADD,INPR140285,25143
ADD,MATH132501,25051
GETSV,25178
ADD,SOEN330679,25191
ADD,PHYS130902,25174
ADD,INMA220305,25017
GETHP,MALE431984
GETHP,DIGR240485
ADD,WIPR230579,25142
GETHP,LLCT120205
ADD,MATH132901,25050
ADD,PHYS130902,25006
GETHP,ENCS330537
ADD,OOPR230279,25190
ADD,IQMA220205,25177
ADD,MALE431984,25040
GETHP,IPPA233277
GETSV,25160
GETHP,SPPR330885
ADD,IPPA233277,25024
ADD,FOIT331380,25083
ADD,INMA220305,25077
ADD,INSE330380,25044
ADD,GELA236939,25079
ADD,ENCS330537,25006
ADD,DBMS330284,25009
ADD,MALE431984,25096
GETSV,25030
ADD,ARIN330585,25056
GETSV,25030
ADD,DBMS330284,25107
ADD,MATH132401,25050
ADD,DBMS330284,25061
ADD,CAAL230180,25068
ADD,ENCS330537,25014
ADD,LLCT120314,25057
ADD,WIPR230579,25080
ADD,DBSY240184,25125
ADD,LLCT120314,25055
GETHP,INSE330380
ADD,SPPR330885,25076
ADD,INSO321005,25094
GETHP,WEPR330479
ADD,INLO220405,25182
GETSV,25140
ADD,LLCT120405,25087
ADD,IQMA220205,25009
GETHP,MALE431984
ADD,MOPR331279,25065
ADD,DIGR240485,25168
ADD,GELA236939,25059
GETSV,25138
ADD,LLCT120205,25196
GETHP,LLCT130105
ADD,GELA236939,25185
GETHP,WEPR330479
GETSV,25142
GETSV,25012
ADD,GEFC220105,25175
GETHP,MATH132901
GETHP,DIGR240485
GETHP,DIPR430685
ADD,PHYS130902,25170
GETSV,25200
GETSV,25158
GETSV,25116
ADD,WOPS120390,25024
ADD,DBSY240184,25027
GETHP,PHYS130902
GETHP,SPPR330885
ADD,WIPR230579,25094
GETSV,25116
GETSV,25106
ADD,CAAL230180,25132
GETSV,25114
ADD,GELA236939,25133
ADD,SPPR330885,25020
ADD,GEFC220105,25193
ADD,LESK120190,25024
ADD,LLCT120205,25138
ADD,INIT130185,25036
ADD,MATH132901,25038
GETSV,25180
ADD,MATH132401,25006
ADD,LLCT120405,25089
GETHP,LESK120190
GETHP,ESYS431080
GETSV,25066
GETSV,25176
GETSV,25118
GETSV,25108
GETSV,25106
GETSV,25008
ADD,ARIN330585,25114
ADD,INOT231780,25007
GETHP,WOPS120390
ADD,LLCT120205,25148
ADD,NEES330380,25127
ADD,INLO220405,25166
GETSV,25068
GETHP,WOPS120390
ADD,INLO220405,25174
ADD,EEEN234162,25169
GETHP,OOPR230279
GETSV,25046
ADD,OPSY330280,25049
GETHP,ENCS330537
ADD,MOPR331279,25129
ADD,SPPR330885,25114
ADD,PHYS111202,25165
GETHP,OOPR230279
GETHP,MATH132401
ADD,DIPR430685,25074
ADD,NEES330380,25189
ADD,MOPR331279,25127
ADD,INIT130185,25142
GETSV,25044
ADD,ECOM430984,25105
ADD,INLO220405,25104
ADD,ESYS431080,25146
ADD,PRBE214262,25093
ADD,OOPR230279,25134
ADD,SPPR330885,25168
ADD,WIPR230579,25186
ADD,ECOM430984,25125
ADD,ESYS431080,25164
ADD,GELA236939,25087
ADD,DIGR240485,25070
ADD,MALE431984,25172
ADD,IQMA220205,25191
ADD,INIT130185,25190
GETHP,ARIN330585
ADD,PRTE230385,25195
ADD,OOPR230279,25162
ADD,LLCT120314,25053
ADD,DIPR430685,25064
ADD,GEFC220105,25003
ADD,ENCS330537,25010
ADD,MATH132501,25077
ADD,INSE330380,25148
ADD,CLCO332779,25039
ADD,DIPR430685,25086
ADD,ECOM430984,25153
ADD,INPR140285,25115
ADD,MATH143001,25117
ADD,OPSY330280,25167
ADD,WEPR330479,25126
GETHP,ARIN330585
ADD,DIPR430685,25160
GETHP,MATH132901
ADD,DASA230179,25067
GETHP,INIT130185
ADD,INLO220405,25192
ADD,ENPS220591,25187
ADD,ESYS431080,25154
ADD,FOIT331380,25181
ADD,INSO321005,25068
GETSV,25172
GETHP,MATH132901
ADD,SOEN330679,25095
ADD,INPR140285,25033
GETSV,25166
GETSV,25172
ADD,INSO321005,25110
GETSV,25172
GETSV,25066
ADD,GELA236939,25181
GETHP,INIT130185
GETHP,ESYS431080
ADD,MATH132501,25043
ADD,LLCT130105,25098
ADD,MALE431984,25110
GETSV,25068
ADD,CLCO332779,25119
ADD,WEPR330479,25006
ADD,DIPR430685,25136
GETSV,25070
ADD,OOPR230279,25112
ADD,LLCT130105,25012
GETSV,25074
ADD,INOT231780,25063
ADD,WOPS120390,25070
ADD,LLCT120314,25073
ADD,GELA236939,25035
ADD,MATH132501,25117
GETHP,MALE431984
ADD,GEFC220105,25143
ADD,ENPS220591,25153
ADD,INMA220305,25139
ADD,CAAL230180,25094
ADD,WOPS120390,25160
ADD,INSO321005,25050
ADD,IPPA233277,25164
ADD,SOEN330679,25039
ADD,MALE431984,25166
ADD,EEEN234162,25049
ADD,WEPR330479,25112
ADD,EEEN234162,25155
ADD,ESYS431080,25066
ADD,PHYS111202,25133
ADD,IPPA233277,25172
ADD,CLCO332779,25047
ADD,CLCO332779,25041
ADD,PRTE230385,25109
ADD,MATH132401,25188
GETSV,25130
ADD,MATH143001,25053
ADD,INSE330380,25180
ADD,NEES330380,25023
ADD,OOPR230279,25054
GETSV,25100
REMOVE,SOEN330679,25039
ADD,INOT231780,25121
ADD,MATH132401,25024
GETSV,25122
ADD,OPSY330280,25141
ADD,ENCS330537,25132
GETSV,25114
ADD,WEPR330479,25140
GETSV,25106
GETSV,25160
GETHP,WOPS120390
ADD,LLCT120205,25178
ADD,ENPS220591,25049
GETSV,25038
GETHP,DIGR240485
GETHP,OOPR230279
ADD,CAAL230180,25004
ADD,WIPR230579,25158
ADD,LESK120190,25168
ADD,PRBE214262,25155
ADD,GELA236939,25197
ADD,DBMS330284,25129
GETHP,INSE330380
ADD,OOPR230279,25078
GETSV,25196
ADD,ECOM430984,25119
ADD,LLCT120314,25025
ADD,DIGR240485,25144
ADD,INMA220305,25195
ADD,LLCT120205,25034
ADD,LLCT220514,25148
REMOVE,WEPR330479,25126
ADD,INLO220405,25200
GETSV,25166
GETHP,SPPR330885
GETSV,25102
ADD,EEEN234162,25137
ADD,ESYS431080,25128
GETSV,25088
ADD,INPR140285,25147
GETHP,INSE330380
ADD,DBSY240184,25057
ADD,LLCT120205,25104
GETHP,WOPS120390
ADD,DIGR240485,25160
GETSV,25110
ADD,INSE330380,25072
GETSV,25126
GETSV,25198
GETSV,25188
GETSV,25170
ADD,INSE330380,25086
ADD,PRTE230385,25137
ADD,FOIT331380,25059
ADD,OPSY330280,25069
ADD,INOT231780,25143
ADD,DBSY240184,25065
ADD,ECOM430984,25147
ADD,INSE330380,25122
ADD,LLCT120314,25181
ADD,ECOM430984,25025
ADD,PRBE214262,25187
GETHP,ESYS431080
GETSV,25046
GETSV,25148
ADD,LLCT120314,25023
ADD,WIPR230579,25144
ADD,NEES330380,25093
ADD,INSO321005,25054
ADD,INIT130185,25080
GETSV,25030
ADD,ESYS431080,25120
ADD,DASA230179,25091
ADD,LESK120190,25162
GETSV,25152
ADD,FOIT331380,25011
ADD,ESYS431080,25090
GETSV,25056
ADD,FOIT331380,25123
GETSV,25136
ADD,INPR140285,25059
ADD,ENCS330537,25034
ADD,PRBE214262,25005
ADD,DASA230179,25023
ADD,GELA236939,25009
ADD,MATH143001,25091
ADD,CAAL230180,25002
ADD,MATH143001,25069
GETHP,ESYS431080
GETHP,ENCS330537
ADD,DIGR240485,25040
ADD,DASA230179,25179
GETHP,MATH132401
GETHP,LESK120190
GETHP,MATH132401
GETHP,SPPR330885
ADD,IQMA220205,25031
GETHP,ARIN330585
ADD,MATH132401,25150
GETSV,25092
GETSV,25004
ADD,LLCT120205,25182
GETSV,25196
ADD,ENCS330537,25102
ADD,MATH132901,25152
GETSV,25022
ADD,MATH143001,25107
ADD,LESK120190,25186
ADD,DBSY240184,25045
GETHP,INLO220405
ADD,DIGR240485,25010
ADD,DBSY240184,25093
ADD,INSO321005,25176
ADD,PRBE214262,25179
ADD,ENCS330537,25058
GETSV,25128
ADD,MOPR331279,25085
GETSV,25060
ADD,PRTE230385,25007
ADD,IPPA233277,25126
GETSV,25156
ADD,WOPS120390,25022
ADD,OOPR230279,25024
GETSV,25072
ADD,LLCT120405,25139
ADD,MATH132901,25026
ADD,INPR140285,25197
ADD,GELA236939,25111
GETSV,25028
ADD,ESYS431080,25182
GETHP,LESK120190
GETSV,25132
ADD,LLCT120314,25119
GETHP,SPPR330885
ADD,FOIT331380,25039
GETHP,MATH132901
ADD,WIPR230579,25180
ADD,WIPR230579,25112
REMOVE,DBSY240184,25027
ADD,LLCT130105,25010
ADD,INIT130185,25024
ADD,GELA236939,25147
GETHP,MATH132901
ADD,GEFC220105,25049
ADD,ARIN330585,25176
ADD,PRBE214262,25011
GETHP,LLCT220514
ADD,IPPA233277,25042
GETHP,DIPR430685
ADD,SPPR330885,25146
ADD,DASA230179,25125
GETHP,ARIN330585
ADD,ARIN330585,25178
ADD,DBMS330284,25007
ADD,MALE431984,25014
ADD,GEFC220105,25153
ADD,INSE330380,25176
ADD,WEPR330479,25134
ADD,MATH132401,25088
GETSV,25094
ADD,INSO321005,25088
ADD,MATH132401,25106
GETSV,25136
GETSV,25110
ADD,PHYS130902,25152
GETHP,DIPR430685
ADD,WIPR230579,25004
ADD,INMA220305,25055
ADD,CLCO332779,25145
ADD,INLO220405,25018
ADD,FOIT331380,25173
ADD,LLCT130105,25132
GETHP,INIT130185
GETHP,WOPS120390
ADD,WEPR330479,25074
GETSV,25176
ADD,IVNC320905,25162
GETSV,25016
ADD,IQMA220205,25051
GETHP,ENCS330537
ADD,INOT231780,25043
GETSV,25056
GETSV,25054
GETSV,25028
GETSV,25058
ADD,INIT130185,25116
ADD,MOPR331279,25071
ADD,PRBE214262,25137
ADD,INLO220405,25114
ADD,LLCT120405,25015
REMOVE,MATH132401,25006
ADD,PRBE214262,25025
ADD,SOEN330679,25059
ADD,MATH132401,25018
GETHP,MATH132401
ADD,INOT231780,25055
GETHP,CAAL230180
GETHP,SPPR330885
ADD,LLCT130105,25146
ADD,INIT130185,25180
GETHP,LLCT120205
ADD,INIT130185,25092
ADD,MOPR331279,25063
ADD,LLCT120314,25081
GETHP,WIPR230579
ADD,ENPS220591,25083
ADD,MALE431984,25124
GETSV,25194
ADD,MATH132901,25004
ADD,LLCT120205,25174
GETSV,25196
ADD,INOT231780,25015
ADD,IPPA233277,25176
GETSV,25094
ADD,PRTE230385,25105
ADD,ECOM430984,25027
ADD,CAAL230180,25078
GETSV,25044
REMOVE,INMA220305,25055
ADD,LLCT130105,25070
ADD,CLCO332779,25137
ADD,ENCS330537,25112
ADD,GEFC220105,25035
GETSV,25192
ADD,INMA220305,25163
GETHP,INSE330380
ADD,MATH132501,25011
ADD,MATH132401,25098
ADD,DIPR430685,25180
ADD,OPSY330280,25031
ADD,EEEN234162,25147
ADD,WEPR330479,25122
GETSV,25112
ADD,GEFC220105,25123
GETSV,25056
GETHP,LLCT130105
ADD,IQMA220205,25043
ADD,ENCS330537,25114
ADD,INIT130185,25140
ADD,INSO321005,25158
GETSV,25148
ADD,ARIN330585,25110
GETSV,25092
ADD,NEES330380,25007
ADD,LLCT120405,25105
GETHP,INLO220405
ADD,EEEN234162,25033
ADD,IPPA233277,25160
GETSV,25062
ADD,DBMS330284,25109
ADD,INMA220305,25071
REMOVE,ESYS431080,25070
ADD,DIPR430685,25144
GETHP,LESK120190
ADD,GELA236939,25195
ADD,DBSY240184,25029
GETHP,LLCT220514
ADD,PHYS130902,25162
ADD,INPR140285,25069
ADD,WIPR230579,25070
ADD,ESYS431080,25136
ADD,DBMS330284,25115
ADD,WIPR230579,25146
ADD,NEES330380,25161
ADD,INSE330380,25112
ADD,ARIN330585,25098
GETSV,25016
ADD,MATH143001,25187
ADD,INIT130185,25082
ADD,INOT231780,25117
ADD,MATH132501,25183
GETHP,ARIN330585
ADD,MALE431984,25108
ADD,LLCT120205,25030
GETHP,LLCT130105
GETHP,MATH132901
GETHP,LESK120190
ADD,ECOM430984,25193
GETSV,25072
ADD,DASA230179,25187
GETHP,WOPS120390
ADD,DIGR240485,25058
ADD,FOIT331380,25013
GETHP,ARIN330585
REMOVE,MATH132901,25050
ADD,OPSY330280,25013
ADD,WEPR330479,25164
ADD,INMA220305,25099
GETHP,SPPR330885
ADD,MALE431984,25016
ADD,DASA230179,25107
ADD,PHYS130902,25194
ADD,PHYS111202,25183
ADD,ENCS330537,25126
ADD,CLCO332779,25017
ADD,WOPS120390,25082
ADD,EEEN234162,25053
ADD,ARIN330585,25068
ADD,LLCT120314,25079
GETSV,25004
GETSV,25074
ADD,MATH143001,25133
ADD,DASA230179,25103
GETHP,OOPR230279
GETHP,DIPR430685
ADD,IVNC320905,25122
GETHP,INIT130185
ADD,CLCO332779,25121
ADD,LLCT120405,25123
ADD,WIPR230579,25018
ADD,PRTE230385,25077
ADD,LLCT120205,25100
ADD,ENPS220591,25095
GETHP,LLCT220514
GETHP,CAAL230180
GETHP,ESYS431080
ADD,INMA220305,25149
GETHP,ENCS330537
ADD,LLCT120314,25005
ADD,ECOM430984,25159
ADD,IVNC320905,25030
ADD,INOT231780,25105
GETHP,WEPR330479
GETHP,LESK120190
ADD,MATH132901,25140
GETHP,LLCT120205
ADD,ARIN330585,25116
ADD,PHYS111202,25095
GETHP,ARIN330585
ADD,LLCT130105,25014
ADD,MATH132901,25160
ADD,OPSY330280,25011
ADD,MATH132401,25010
ADD,LESK120190,25012
GETSV,25034
GETSV,25200
GETHP,MALE431984
ADD,NEES330380,25183
ADD,ENPS220591,25185
REMOVE,PRBE214262,25155
GETHP,IVNC320905
ADD,IVNC320905,25136
ADD,SPPR330885,25138
ADD,LLCT120314,25125
GETSV,25146
GETSV,25104
ADD,SOEN330679,25131
ADD,DIPR430685,25128
ADD,LLCT120314,25195
ADD,IPPA233277,25018
GETHP,PHYS130902
GETHP,LESK120190
ADD,INSO321005,25048
ADD,OPSY330280,25035
ADD,INSO321005,25098
ADD,LLCT120405,25005
ADD,MATH132401,25100
ADD,GEFC220105,25009
GETHP,LLCT130105
ADD,WEPR330479,25102
GETSV,25174
REMOVE,INOT231780,25043
ADD,WOPS120390,25162
ADD,INMA220305,25061
GETHP,WIPR230579
GETHP,IPPA233277
GETSV,25120
ADD,NEES330380,25171
ADD,GELA236939,25165
GETHP,ESYS431080
ADD,SPPR330885,25026
GETSV,25144
REMOVE,PRTE230385,25187
GETHP,INLO220405
ADD,WEPR330479,25040
GETSV,25066
ADD,DBMS330284,25183
ADD,WOPS120390,25094
GETSV,25198
ADD,MOPR331279,25041
ADD,MALE431984,25180
ADD,MATH132501,25047
ADD,MATH143001,25193
ADD,ARIN330585,25024
GETSV,25054
ADD,INSO321005,25080
ADD,ARIN330585,25130
ADD,DASA230179,25133
ADD,WEPR330479,25020
ADD,INPR140285,25079
REMOVE,DBSY240184,25057
GETHP,ENCS330537
ADD,MALE431984,25176
GETSV,25038
ADD,LLCT120314,25065
GETHP,INSO321005
ADD,PHYS111202,25041
ADD,LESK120190,25056
ADD,FOIT331380,25043
ADD,LLCT120205,25018
GETSV,25136
ADD,GEFC220105,25011
ADD,OPSY330280,25133
GETHP,LLCT120205
GETSV,25056
ADD,DBMS330284,25123
ADD,PRBE214262,25183
ADD,ESYS431080,25126
ADD,MATH132501,25161
ADD,INLO220405,25072
ADD,MATH132401,25146
ADD,DIGR240485,25172
GETHP,MATH132901
ADD,WIPR230579,25060
GETSV,25074
ADD,INOT231780,25173
ADD,OPSY330280,25183
GETSV,25108
ADD,SOEN330679,25015
GETHP,MALE431984
ADD,MATH132401,25142
ADD,INSO321005,25064
ADD,DBMS330284,25035
GETHP,OOPR230279
ADD,CAAL230180,25096
ADD,PHYS111202,25107
ADD,GELA236939,25141
ADD,LESK120190,25030
ADD,INSO321005,25008
ADD,PHYS111202,25099
ADD,MATH143001,25157
GETHP,MALE431984
GETHP,WOPS120390
ADD,PRTE230385,25149
GETHP,INLO220405
GETHP,MATH132401
GETHP,INLO220405
GETSV,25068
ADD,LLCT120205,25022
GETSV,25196
GETSV,25058
GETSV,25112
GETSV,25054
ADD,INIT130185,25192
GETSV,25074
ADD,EEEN234162,25141
ADD,WIPR230579,25108
ADD,SOEN330679,25055
ADD,IVNC320905,25182
ADD,INMA220305,25097
ADD,OOPR230279,25096
ADD,WEPR330479,25194
GETHP,PHYS130902
ADD,WOPS120390,25042
ADD,PHYS111202,25181
GETHP,OOPR230279
ADD,MATH132501,25037
ADD,INSO321005,25020
ADD,OPSY330280,25047
GETHP,LESK120190
ADD,INLO220405,25060
ADD,SPPR330885,25096
GETSV,25078
ADD,PRTE230385,25041
ADD,INLO220405,25032
GETHP,SPPR330885
ADD,IVNC320905,25072
ADD,MATH143001,25051
GETSV,25096
ADD,GELA236939,25003
GETHP,ENCS330537
GETHP,IVNC320905
ADD,ENCS330537,25200
ADD,OPSY330280,25027
GETSV,25080
ADD,ECOM430984,25187
GETHP,ESYS431080
REMOVE,LLCT120314,25005
ADD,DASA230179,25127
ADD,ARIN330585,25198
ADD,PRBE214262,25065
GETSV,25086
ADD,EEEN234162,25129
ADD,GELA236939,25067
GETSV,25096
ADD,GEFC220105,25075
ADD,SOEN330679,25149
REMOVE,INSE330380,25180
GETSV,25156
GETSV,25094
GETHP,MALE431984
GETHP,INIT130185
GETHP,WOPS120390
ADD,INIT130185,25130
GETSV,25104
ADD,PRBE214262,25195
ADD,LLCT220514,25114
ADD,NEES330380,25137
ADD,SPPR330885,25160
GETHP,IPPA233277
GETSV,25070
ADD,DASA230179,25017
ADD,PHYS130902,25008
ADD,DBSY240184,25011
ADD,INMA220305,25189
GETHP,ENCS330537
GETHP,DIGR240485
ADD,CAAL230180,25050
ADD,WIPR230579,25132
GETSV,25154
ADD,MATH132901,25028
REMOVE,CLCO332779,25039
ADD,MATH132901,25030
ADD,DASA230179,25185
GETHP,PHYS130902
GETSV,25172
ADD,MOPR331279,25119
GETSV,25164
GETSV,25170
GETHP,INSE330380
ADD,INIT130185,25178
ADD,DBMS330284,25045
ADD,LLCT120205,25188
GETSV,25074
GETSV,25080
ADD,MATH132501,25179
ADD,DIGR240485,25098
GETHP,INIT130185
ADD,NEES330380,25077
ADD,WIPR230579,25076
ADD,MOPR331279,25153
ADD,ENCS330537,25160
ADD,PHYS111202,25011
GETHP,INLO220405
ADD,MATH132501,25053
ADD,LLCT120205,25036
GETSV,25034
ADD,PRTE230385,25181
ADD,CAAL230180,25172
GETSV,25002
ADD,IQMA220205,25199
GETHP,DIGR240485
GETSV,25068
GETSV,25146
ADD,GELA236939,25157
ADD,DIPR430685,25156
ADD,IQMA220205,25175
ADD,WOPS120390,25056
ADD,EEEN234162,25165
ADD,LLCT120314,25103
REMOVE,LLCT120314,25137
ADD,INSE330380,25032
GETHP,INLO220405
ADD,LLCT130105,25152
ADD,INMA220305,25187
ADD,DASA230179,25045
ADD,CAAL230180,25084
ADD,EEEN234162,25191
GETSV,25198
GETSV,25116
ADD,FOIT331380,25001
GETHP,PHYS130902
ADD,LLCT130105,25096
ADD,PRTE230385,25163
GETHP,WIPR230579
ADD,WEPR330479,25032
ADD,GELA236939,25171
ADD,IVNC320905,25186
GETSV,25080
GETHP,IVNC320905
GETSV,25166
ADD,DBSY240184,25145
ADD,CAAL230180,25192
REMOVE,FOIT331380,25123
ADD,ENCS330537,25162
ADD,EEEN234162,25077
GETHP,IPPA233277
ADD,SPPR330885,25098
ADD,DIPR430685,25118
ADD,DASA230179,25049
ADD,MATH132401,25168
ADD,DBSY240184,25147
GETHP,WEPR330479
ADD,OOPR230279,25144
ADD,IQMA220205,25159
GETHP,CAAL230180
ADD,OOPR230279,25148
ADD,DBMS330284,25063
ADD,GELA236939,25073
GETHP,WOPS120390
ADD,MALE431984,25062
GETSV,25148
ADD,DBMS330284,25079
ADD,LLCT130105,25094
ADD,MATH143001,25065
REMOVE,PHYS130902,25008
GETSV,25182
ADD,GELA236939,25025
REMOVE,INSO321005,25064
ADD,MATH132901,25114
ADD,LLCT120205,25166
ADD,GEFC220105,25041
GETSV,25086
ADD,ENPS220591,25081
ADD,LESK120190,25040
ADD,EEEN234162,25083
ADD,IVNC320905,25082
GETSV,25114
GETHP,INIT130185
GETHP,WIPR230579
GETHP,ARIN330585
ADD,MATH143001,25003
ADD,ENPS220591,25157
ADD,SPPR330885,25084
ADD,PHYS130902,25070
ADD,PHYS111202,25049
GETHP,DIGR240485
ADD,ESYS431080,25096
GETHP,MATH132901
ADD,LLCT130105,25184
ADD,LESK120190,25018
GETSV,25040
ADD,PHYS111202,25093
ADD,WIPR230579,25052
ADD,ECOM430984,25183
ADD,CAAL230180,25142
REMOVE,INSO321005,25088
GETSV,25062
ADD,DBMS330284,25001
REMOVE,ARIN330585,25024
GETSV,25166
ADD,CAAL230180,25200
ADD,IVNC320905,25076
GETHP,MATH132901
REMOVE,INIT130185,25116
ADD,PRTE230385,25095
GETHP,LLCT120205
REMOVE,EEEN234162,25137
GETHP,PHYS130902
ADD,DIGR240485,25118
ADD,GEFC220105,25017
GETHP,WOPS120390
ADD,INMA220305,25001
GETSV,25086
ADD,LLCT120314,25121
GETHP,ARIN330585
ADD,PRTE230385,25085
ADD,NEES330380,25135
ADD,GELA236939,25097
GETHP,LLCT120205
GETHP,MATH132401
GETHP,LLCT120205
ADD,ARIN330585,25058
ADD,MATH143001,25125
GETHP,WEPR330479
GETHP,DIGR240485
ADD,LESK120190,25138
GETSV,25120
ADD,IVNC320905,25138
GETSV,25080
GETSV,25174
REMOVE,MATH132401,25024
GETSV,25086
ADD,NEES330380,25193
ADD,MATH132901,25008
REMOVE,LLCT120205,25002
ADD,SPPR330885,25060
REMOVE,SOEN330679,25095
GETHP,LLCT120205
ADD,EEEN234162,25047
ADD,INLO220405,25054
REMOVE,MATH132901,25112
GETSV,25062
GETSV,25158
ADD,GELA236939,25011
REMOVE,LLCT120205,25148
ADD,MATH132901,25080
ADD,IQMA220205,25003
ADD,INLO220405,25066
GETSV,25024
GETHP,WOPS120390
GETSV,25166
ADD,MATH132401,25160
ADD,CLCO332779,25171
ADD,IQMA220205,25053
GETHP,LLCT220514
ADD,ECOM430984,25037
GETSV,25034
ADD,CLCO332779,25005
REMOVE,CLCO332779,25017
ADD,WIPR230579,25056
ADD,LLCT130105,25066
GETSV,25008
ADD,WOPS120390,25148
ADD,CLCO332779,25103
GETHP,OOPR230279
ADD,INPR140285,25081
ADD,MATH132901,25016
ADD,ENPS220591,25181
ADD,ESYS431080,25148
ADD,ECOM430984,25135
GETHP,ENCS330537
GETHP,LLCT220514
REMOVE,IVNC320905,25072
GETSV,25022
REMOVE,PRBE214262,25065
ADD,OOPR230279,25122
ADD,ENPS220591,25053
ADD,IQMA220205,25071
ADD,IPPA233277,25022
ADD,EEEN234162,25099
GETHP,ENCS330537
ADD,OOPR230279,25152
GETSV,25030
ADD,IQMA220205,25033
REMOVE,LLCT130105,25200
ADD,LLCT220514,25042
ADD,LLCT220514,25164
REMOVE,SOEN330679,25087
GETHP,DIPR430685
ADD,INSO321005,25082
ADD,NEES330380,25191
ADD,INSO321005,25126
ADD,DASA230179,25113
GETHP,INSE330380
GETHP,ARIN330585
GETHP,OOPR230279
ADD,LESK120190,25034
ADD,INPR140285,25061
ADD,LLCT120205,25020
ADD,OOPR230279,25198
ADD,NEES330380,25145
ADD,INIT130185,25072
ADD,DBMS330284,25091
ADD,LLCT120205,25108
